{"frames": {

"Block/Empty/0":
{
	"frame": {"x":1,"y":47,"w":16,"h":16},
	"rotated": false,
	"trimmed": false,
	"spriteSourceSize": {"x":0,"y":0,"w":16,"h":16},
	"sourceSize": {"w":16,"h":16},
	"pivot": {"x":0.5,"y":0.5}
},
"Block/Question/0":
{
	"frame": {"x":19,"y":47,"w":16,"h":16},
	"rotated": false,
	"trimmed": false,
	"spriteSourceSize": {"x":0,"y":0,"w":16,"h":16},
	"sourceSize": {"w":16,"h":16},
	"pivot": {"x":0.5,"y":0.5}
},
"Block/Question/1":
{
	"frame": {"x":19,"y":1,"w":16,"h":16},
	"rotated": false,
	"trimmed": false,
	"spriteSourceSize": {"x":0,"y":0,"w":16,"h":16},
	"sourceSize": {"w":16,"h":16},
	"pivot": {"x":0.5,"y":0.5}
},
"Block/Question/2":
{
	"frame": {"x":34,"y":19,"w":16,"h":16},
	"rotated": false,
	"trimmed": false,
	"spriteSourceSize": {"x":0,"y":0,"w":16,"h":16},
	"sourceSize": {"w":16,"h":16},
	"pivot": {"x":0.5,"y":0.5}
},
"Block/Question/3":
{
	"frame": {"x":37,"y":1,"w":16,"h":16},
	"rotated": false,
	"trimmed": false,
	"spriteSourceSize": {"x":0,"y":0,"w":16,"h":16},
	"sourceSize": {"w":16,"h":16},
	"pivot": {"x":0.5,"y":0.5}
},
"Coin/Default/0":
{
	"frame": {"x":37,"y":37,"w":12,"h":16},
	"rotated": false,
	"trimmed": false,
	"spriteSourceSize": {"x":0,"y":0,"w":12,"h":16},
	"sourceSize": {"w":12,"h":16},
	"pivot": {"x":0.5,"y":0.5}
},
"Coin/Default/1":
{
	"frame": {"x":55,"y":1,"w":8,"h":16},
	"rotated": false,
	"trimmed": false,
	"spriteSourceSize": {"x":0,"y":0,"w":8,"h":16},
	"sourceSize": {"w":8,"h":16},
	"pivot": {"x":0.5,"y":0.5}
},
"Coin/Default/2":
{
	"frame": {"x":51,"y":37,"w":6,"h":16},
	"rotated": false,
	"trimmed": false,
	"spriteSourceSize": {"x":0,"y":0,"w":6,"h":16},
	"sourceSize": {"w":6,"h":16},
	"pivot": {"x":0.5,"y":0.5}
},
"Coin/Default/3":
{
	"frame": {"x":52,"y":19,"w":8,"h":16},
	"rotated": false,
	"trimmed": false,
	"spriteSourceSize": {"x":0,"y":0,"w":8,"h":16},
	"sourceSize": {"w":8,"h":16},
	"pivot": {"x":0.5,"y":0.5}
},
"Mario/Jump/0":
{
	"frame": {"x":1,"y":1,"w":16,"h":22},
	"rotated": false,
	"trimmed": false,
	"spriteSourceSize": {"x":0,"y":0,"w":16,"h":22},
	"sourceSize": {"w":16,"h":22},
	"pivot": {"x":0.5,"y":1.04545}
},
"Mario/Walk/0":
{
	"frame": {"x":18,"y":25,"w":14,"h":20},
	"rotated": false,
	"trimmed": false,
	"spriteSourceSize": {"x":0,"y":0,"w":14,"h":20},
	"sourceSize": {"w":14,"h":20},
	"pivot": {"x":0.5,"y":1}
},
"Mario/Walk/1":
{
	"frame": {"x":1,"y":25,"w":15,"h":20},
	"rotated": false,
	"trimmed": false,
	"spriteSourceSize": {"x":0,"y":0,"w":15,"h":20},
	"sourceSize": {"w":15,"h":20},
	"pivot": {"x":0.5,"y":1}
}},
"meta": {
	"app": "https://www.codeandweb.com/texturepacker",
	"version": "1.0",
	"image": "mario.png",
	"format": "RGBA8888",
	"size": {"w":64,"h":64},
	"scale": "1",
	"smartupdate": "$TexturePacker:SmartUpdate:e8ac118a6dff825361eb2370af2ebee3:2b670f5914563fe73a44f04403112b36:049a1e10ddf44989e4af4e84fecd01e8$"
}
}
